2017-04-14	172.16.101.129:443	1492168200	feed	/account/openid_sessionid	12265	2262	71	1089154	2017-07-10 16:04:24	1	
2017-04-14	172.16.101.128:443	1492168200	feed	/oauth/authenticate	3487	1341	63	388696	2017-07-10 16:04:24	1	
2017-04-14	172.16.101.121:443	1492168200	feed	/account/getPlayerId	10978	2755	75	1043548	2017-07-10 16:04:24	1	
2017-04-14	172.16.101.136:443	1492168200	feed	/promotion/get_game_ad_type	10406	39320	54	6980798.011	2017-07-10 16:04:24	1	
2017-04-14	172.16.101.123:443	1492168200	feed	/promotion/get_game_ad_type	8624	26959.999	74	6242005.022	2017-07-10 16:04:24	1	
2017-04-14	172.16.101.122:443	1492168200	feed	/account/openid_sessionid	12507	9033	57	1213531	2017-07-10 16:04:24	1	
2017-04-14	172.16.101.122:443	1492168200	feed	/account/verify_credentials	11682	36035	60	9150778.978	2017-07-10 16:04:24	1	
2017-04-14	172.16.101.132:443	1492168200	feed	/app/init	8976	30077	106	5944488	2017-07-10 16:04:24	1	
2017-04-14	172.16.101.122:443	1492168200	feed	/oauth/access_token	3509	13435	54	370865	2017-07-10 16:04:24	1	
2017-04-14	172.16.101.129:443	1492168200	feed	/app/init	8943	31051.001	118	6125955.022	2017-07-10 16:04:24	1	
2017-04-14	172.16.101.124:443	1492168200	feed	/oauth/request_token	3366	13803	54	3376450	2017-07-10 16:04:24	1	
2017-04-14	172.16.101.134:443	1492168200	feed	/account/openid_sessionid	14905	9482	26	1213355	2017-07-10 16:04:24	1	
2017-04-14	172.16.101.131:443	1492168200	feed	/reports/lbs_users	4928	16309.999	30	1518153.989	2017-07-10 16:04:24	1	
2017-04-14	172.16.101.131:443	1492168200	feed	/account/openid_sessionid	11660	15113	55	1240261	2017-07-10 16:04:24	1	
2017-04-14	172.16.101.134:443	1492168200	feed	/account/verify_credentials	14619	57477.001	49	11065900.989	2017-07-10 16:04:24	1	
2017-04-14	172.16.101.133:443	1492168200	feed	/promotion/get_game_ad_type	8844	22712.999	70	5295322.978	2017-07-10 16:04:24	1	
2017-04-14	172.16.101.122:443	1492168200	feed	/app/init	9570	21316	105	6201689.967	2017-07-10 16:04:24	1	
2017-04-14	172.16.101.128:443	1492168200	feed	/version/checkupdate	3146	10908	64	1631465	2017-07-10 16:04:24	1	
2017-04-14	172.16.101.135:443	1492168200	feed	/oauth/access_token	1683	627	47	96734	2017-07-10 16:04:24	1	
2017-04-14	172.16.101.121:443	1492168200	feed	/payments/multi_charge_point	1617	4887	73	281248	2017-07-10 16:04:24	1	
2017-04-14	172.16.101.124:443	1492168200	feed	/account/openid_sessionid	12100	5888	71	1126543	2017-07-10 16:04:24	1	
2017-04-14	172.16.101.132:443	1492168200	feed	/vivo_payment/v3_create	539	5624	170	309738	2017-07-10 16:04:24	1	
2017-04-14	172.16.101.136:443	1492168200	feed	/account/openid_sessionid	15664	6735	54	1145595	2017-07-10 16:04:24	1	
2017-04-14	172.16.101.124:443	1492168200	feed	/reports/lbs_users_location	5291	15574	32	1669767	2017-07-10 16:04:24	1	
2017-04-14	172.16.101.131:443	1492168200	feed	/account/verify_credentials	12496	49904.999	59	9553368	2017-07-10 16:04:24	1	
2017-04-14	172.16.101.134:443	1492168200	feed	/reports/lbs_users	6138	22171	17	1952851.989	2017-07-10 16:04:24	1	
2017-04-14	172.16.101.132:443	1492168200	feed	/reports/lbs_users	4752	25986	32	2352339.011	2017-07-10 16:04:24	1	
2017-04-14	172.16.101.134:443	1492168200	feed	/oauth/request_token	4169	33667.999	49	4107102.978	2017-07-10 16:04:24	1	
2017-04-14	172.16.101.121:443	1492168200	feed	/app/init	9328	33488.998	105	6693554.978	2017-07-10 16:04:24	1	
2017-04-14	172.16.101.136:443	1492168200	feed	/payments/multi_charge_point	1991	12277	55	534259	2017-07-10 16:04:24	1	
2017-04-14	172.16.101.135:443	1492168200	feed	/account/verify_credentials	6699	23907	52	4894736	2017-07-10 16:04:24	1	
2017-04-14	172.16.101.122:443	1492168200	feed	/reports/lbs_users_location	4906	22372.999	31	1336499.989	2017-07-10 16:04:24	1	
2017-04-14	172.16.101.122:443	1492168200	feed	/account/basic_info	1485	16834	61	904486	2017-07-10 16:04:24	1	
2017-04-14	172.16.101.123:443	1492168200	feed	/vivo_payment/v3_create	506	3355	127	250173	2017-07-10 16:04:24	1	
2017-04-14	172.16.101.136:443	1492168200	feed	/reports/lbs_users_location	5808	8699	16	1284877	2017-07-10 16:04:24	1	
2017-04-14	172.16.101.134:443	1492168200	feed	/account/getPlayerId	12925	2667	63	1039852	2017-07-10 16:04:24	1	
2017-04-14	172.16.101.128:443	1492168200	feed	/vivo_payment/v3_create	627	3843	125	365145	2017-07-10 16:04:24	1	
2017-04-14	172.16.101.129:443	1492168200	feed	/reports/lbs_users_location	4873	30898.001	31	2233165.022	2017-07-10 16:04:24	1	
2017-04-14	172.16.101.133:443	1492168200	feed	/version/checkupdate	3333	24459.999	63	2382324.978	2017-07-10 16:04:24	1	
2017-04-14	172.16.101.134:443	1492168200	feed	/bbx_activity/sdkInit	572	6431	52	176132	2017-07-10 16:04:24	1	
2017-04-14	172.16.101.136:443	1492168200	feed	/account/verify_credentials	14828	33750.999	52	10944449.989	2017-07-10 16:04:24	1	
2017-04-14	172.16.101.132:443	1492168200	feed	/reports/lbs_users_location	5170	97813.004	31	3018950.044	2017-07-10 16:04:24	1	
2017-04-14	172.16.101.128:443	1492168200	feed	/account/verify_credentials	12111	36032.001	58	9586852	2017-07-10 16:04:24	1	
2017-04-14	172.16.101.122:443	1492168200	feed	/players/get_game_archive_url	176	316	77	20636	2017-07-10 16:04:24	1	
2017-04-14	172.16.101.123:443	1492168200	feed	/app/init	9229	22246	114	6113008	2017-07-10 16:04:24	1	
2017-04-14	172.16.101.135:443	1492168200	feed	/account/getPlayerId	6149	3938	65	613723	2017-07-10 16:04:24	1	
2017-04-14	172.16.101.122:443	1492168200	feed	/account/getPlayerId	10439	5481	61	1091596	2017-07-10 16:04:24	1	
2017-04-14	172.16.101.129:443	1492168200	feed	/account/verify_credentials	12166	46286.999	61	9883048.978	2017-07-10 16:04:24	1	
2017-04-14	172.16.101.124:443	1492168200	feed	/oauth/authenticate	3245	386	65	347446	2017-07-10 16:04:24	1	
2017-04-14	172.16.101.128:443	1492168200	feed	/paymentcallback/sdk	429	187	106	55946	2017-07-10 16:04:24	1	
2017-04-14	172.16.101.123:443	1492168200	feed	/account/basic_info	1375	4827	62	466213	2017-07-10 16:04:24	1	
2017-04-14	172.16.101.122:443	1492168200	feed	/reports/lbs_users	4653	27396.999	32	1400893.989	2017-07-10 16:04:24	1	
2017-04-14	172.16.101.122:443	1492168200	feed	/version/checkupdate	3399	24365.999	63	2041060.989	2017-07-10 16:04:24	1	
2017-04-14	172.16.101.132:443	1492168200	feed	/account/openid_sessionid	12078	5733	71	1105555	2017-07-10 16:04:24	1	
2017-04-14	172.16.101.128:443	1492168200	feed	/account/getPlayerId	11363	689	76	1058453	2017-07-10 16:04:24	1	
2017-04-14	172.16.101.133:443	1492168200	feed	/account/getPlayerId	11286	24010	76	1329812	2017-07-10 16:04:24	1	
2017-04-14	172.16.101.129:443	1492168200	feed	/reports/lbs_users	5390	20674	33	2002440	2017-07-10 16:04:24	1	
2017-04-14	172.16.101.131:443	1492168200	feed	/payments/multi_charge_point	1837	15160	68	444752	2017-07-10 16:04:24	1	
2017-04-14	172.16.101.131:443	1492168200	feed	/account/getPlayerId	11308	350	74	1035551	2017-07-10 16:04:24	1	
2017-04-14	172.16.101.135:443	1492168200	feed	/v2/sdk_activity	330	79	55	22880	2017-07-10 16:04:24	1	
2017-04-14	172.16.101.124:443	1492168200	feed	/v2/sdk_activity	451	453	77	45804	2017-07-10 16:04:24	1	
2017-04-14	172.16.101.124:443	1492168200	feed	/app/init	9350	25094	108	7286872.989	2017-07-10 16:04:24	1	
2017-04-14	172.16.101.132:443	1492168200	feed	/account/verify_credentials	12331	30410	45	9449495.011	2017-07-10 16:04:24	1	
2017-04-14	172.16.101.121:443	1492168200	feed	/account/verify_credentials	12529	18283.001	61	8447021.022	2017-07-10 16:04:24	1	
2017-04-14	172.16.101.134:443	1492168200	feed	/oauth/authenticate	3707	2960	52	390632	2017-07-10 16:04:24	1	
2017-04-14	172.16.101.132:443	1492168200	feed	/version/checkupdate	3223	39978.001	65	2548612	2017-07-10 16:04:24	1	
2017-04-14	172.16.101.123:443	1492168200	feed	/version/checkupdate	3069	24465	63	2211252.989	2017-07-10 16:04:24	1	
2017-04-14	172.16.101.134:443	1492168200	feed	/app/init	11286	37241.001	89	7901190	2017-07-10 16:04:24	1	
2017-04-14	172.16.101.134:443	1492168200	feed	/promotion/get_game_ad_type	10571	26973	52	7696853.956	2017-07-10 16:04:24	1	
2017-04-14	172.16.101.121:443	1492168200	feed	/games/apk_blacklist	418	4638	59	237952	2017-07-10 16:04:24	1	
2017-04-14	172.16.101.121:443	1492168200	feed	/promotion/get_game_ad_type	9449	29653.999	69	6814301.978	2017-07-10 16:04:24	1	
2017-04-14	172.16.101.128:443	1492168200	feed	/account/openid_sessionid	12639	6439	52	1163943	2017-07-10 16:04:24	1	
2017-04-14		1492168200	feed		24090	60110.001	0	520656289.736	2017-07-10 16:04:24	1	
2017-04-14	172.16.101.123:443	1492168200	feed	/oauth/access_token	3278	158	54	213004	2017-07-10 16:04:24	1	
2017-04-14	172.16.101.128:443	1492168200	feed	/reports/lbs_users	4950	24729	33	2108006.989	2017-07-10 16:04:24	1	
2017-04-14	172.16.101.136:443	1492168200	feed	/bbx_activity/listing	1826	3356	30	361922	2017-07-10 16:04:24	1	
2017-04-14	172.16.101.121:443	1492168200	feed	/account/openid_sessionid	11583	363	71	977680	2017-07-10 16:04:24	1	
2017-04-14	172.16.101.129:443	1492168200	feed	/oauth/request_token	3509	21782	55	3551911	2017-07-10 16:04:24	1	
2017-04-14	172.16.101.134:443	1492168200	feed	/bbx_activity/listing	2222	7054	52	428351	2017-07-10 16:04:24	1	
2017-04-14	172.16.101.133:443	1492168200	feed	/account/openid_sessionid	12353	12986	47	1180586	2017-07-10 16:04:24	1	
2017-04-14	172.16.101.124:443	1492168200	feed	/account/verify_credentials	12122	55034	59	8909537.989	2017-07-10 16:04:24	1	
2017-04-14	172.16.101.133:443	1492168200	feed	/app/init	9405	45914.001	67	7737729.989	2017-07-10 16:04:24	1	
2017-04-14	172.16.101.128:443	1492168200	feed	/app/init	9372	10906	112	5074839	2017-07-10 16:04:24	1	
2017-04-14	172.16.101.133:443	1492168200	feed	/oauth/access_token	3157	777	43	209726	2017-07-10 16:04:24	1	
2017-04-14	172.16.101.121:443	1492168200	feed	/reports/lbs_users_location	5137	10291	32	1397836	2017-07-10 16:04:24	1	
2017-04-14	172.16.101.136:443	1492168200	feed	/account/getPlayerId	12969	2842	51	1086481	2017-07-10 16:04:24	1	
2017-04-14	172.16.101.135:443	1492168200	feed	/promotion/get_game_ad_type	4752	16542.999	60	3147616.989	2017-07-10 16:04:24	1	
2017-04-14	172.16.101.135:443	1492168200	feed	/app/init	5467	37631.001	94	3773385.011	2017-07-10 16:04:24	1	
2017-04-14	172.16.101.129:443	1492168200	feed	/version/checkupdate	2893	17162.001	62	1412477.011	2017-07-10 16:04:24	1	
2017-04-14	172.16.101.124:443	1492168200	feed	/sdk_init_info	781	21403	90	856229	2017-07-10 16:04:24	1	
2017-04-14	172.16.101.123:443	1492168200	feed	/account/getPlayerId	11440	7743	76	1239051	2017-07-10 16:04:24	1	
2017-04-14	172.16.101.122:443	1492168200	feed	/promotion/get_game_ad_type	8404	34005.001	69	5703401.011	2017-07-10 16:04:24	1	
2017-04-14	172.16.101.136:443	1492168200	feed	/reports/lbs_users	5786	23377.001	17	2847724.022	2017-07-10 16:04:24	1	
2017-04-14	172.16.101.133:443	1492168200	feed	/oauth/authenticate	3080	3171	64	378862	2017-07-10 16:04:24	1	
2017-04-14	172.16.101.133:443	1492168200	feed	/account/verify_credentials	12771	35610.001	63	9732866.033	2017-07-10 16:04:24	1	
2017-04-14	172.16.101.129:443	1492168200	feed	/account/getPlayerId	11429	3939	49	1138412	2017-07-10 16:04:24	1	
2017-04-14	172.16.101.133:443	1492168200	feed	/reports/lbs_users_location	4598	17954	31	1340658	2017-07-10 16:04:24	1	
2017-04-14	172.16.101.123:443	1492168200	feed	/account/verify_credentials	12287	23899	62	8620282	2017-07-10 16:04:24	1	
2017-04-14	172.16.101.131:443	1492168200	feed	/promotion/get_game_ad_type	8921	33667	69	6076609	2017-07-10 16:04:24	1	
2017-04-14	172.16.101.129:443	1492168200	feed	/promotion/get_game_ad_type	8987	23275.999	69	6539037.978	2017-07-10 16:04:24	1	
2017-04-14	172.16.101.122:443	1492168200	feed	/v2/sdk_activity	616	1479	72	73733	2017-07-10 16:04:24	1	
2017-04-14	172.16.101.123:443	1492168200	feed	/account/openid_sessionid	12243	9365	56	1238589	2017-07-10 16:04:24	1	
2017-04-14	172.16.101.128:443	1492168200	feed	/promotion/get_game_ad_type	8459	59160	71	7572356.044	2017-07-10 16:04:24	1	
2017-04-14	172.16.101.129:443	1492168200	feed	/payments/multi_charge_point	1430	4135	46	284944	2017-07-10 16:04:24	1	
2017-04-14	172.16.101.132:443	1492168200	feed	/account/basic_info	1584	5098	67	623414	2017-07-10 16:04:24	1	
2017-04-14	172.16.101.123:443	1492168200	feed	/tx_msdk_pay	264	837	219	99286	2017-07-10 16:04:24	1	
2017-04-14	172.16.101.121:443	1492168200	feed	/version/checkupdate	3256	19688.999	63	2315521.989	2017-07-10 16:04:24	1	
2017-04-14	172.16.101.132:443	1492168200	feed	/account/getPlayerId	10868	7490	74	1186383	2017-07-10 16:04:24	1	
2017-04-14	172.16.101.128:443	1492168200	feed	/games/apk_blacklist	429	20641.001	57	428098.011	2017-07-10 16:04:24	1	
2017-04-14	172.16.101.124:443	1492168200	feed	/games/apk_blacklist	517	6194	60	262229	2017-07-10 16:04:24	1	
2017-04-14	172.16.101.131:443	1492168200	feed	/sdk_init_info	792	5678	116	348293	2017-07-10 16:04:24	1	
2017-04-14	172.16.101.131:443	1492168200	feed	/reports/lbs_users_location	4862	37171.001	24	1384526.011	2017-07-10 16:04:24	1	
2017-04-14	172.16.101.135:443	1492168200	feed	/account/openid_sessionid	6930	8506	55	573650	2017-07-10 16:04:24	1	
2017-04-14	172.16.101.131:443	1492168200	feed	/version/checkupdate	3278	23433.001	62	2994695.022	2017-07-10 16:04:24	1	
2017-04-14	172.16.101.121:443	1492168200	feed	/oauth/access_token	3157	123	54	202576	2017-07-10 16:04:24	1	
2017-04-14	172.16.101.136:443	1492168200	feed	/oauth/request_token	4301	46474.998	48	5667023.978	2017-07-10 16:04:24	1	
2017-04-14	172.16.101.136:443	1492168200	feed	/app/init	11374	51348	57	8407014.022	2017-07-10 16:04:24	1	
2017-04-14	172.16.101.124:443	1492168200	feed	/account/getPlayerId	10791	612	77	1017522	2017-07-10 16:04:24	1	
2017-04-14	172.16.101.123:443	1492168200	feed	/reports/lbs_users	5016	13946	33	1267002	2017-07-10 16:04:24	1	
2017-04-14	172.16.101.133:443	1492168200	feed	/reports/lbs_users	4983	28559	33	2949935.978	2017-07-10 16:04:24	1	
2017-04-14	172.16.101.131:443	1492168200	feed	/oauth/authenticate	3542	2625	58	405207	2017-07-10 16:04:24	1	
2017-04-14	172.16.101.121:443	1492168200	feed	/vivo_payment/v3_create	462	6412	145	256190	2017-07-10 16:04:24	1	
2017-04-14	172.16.101.121:443	1492168200	feed	/bbx_activity/listing	1716	6718	72	397628	2017-07-10 16:04:24	1	
2017-04-14	172.16.101.135:443	1492168200	feed	/oauth/request_token	1815	7514	49	1789689	2017-07-10 16:04:24	1	
2017-04-14	172.16.101.134:443	1492168200	feed	/account/basic_info	1650	15354	52	748583	2017-07-10 16:04:24	1	
2017-04-14	172.16.101.131:443	1492168200	feed	/app/init	8800	23358.999	108	5358385.989	2017-07-10 16:04:24	1	
2017-04-14	172.16.101.121:443	1492168200	feed	/oauth/authenticate	3135	1086	63	375232	2017-07-10 16:04:24	1	
2017-04-14		1492168200	feed	/oauth/request_token	1331	3060	61	236401	2017-07-10 16:04:24	1	
2017-04-14	172.16.101.134:443	1492168200	feed	/oauth/access_token	3861	111	18	206569	2017-07-10 16:04:24	1	
2017-04-14	172.16.101.131:443	1492168200	feed	/account/basic_info	1364	17129.999	65	598718.989	2017-07-10 16:04:24	1	
2017-04-14	172.16.101.129:443	1492168200	feed	/oauth/access_token	3091	126	52	200079	2017-07-10 16:04:24	1	
2017-04-14	172.16.101.124:443	1492168200	feed	/bbx_activity/listing	1661	5543	70	458370	2017-07-10 16:04:24	1	
2017-04-14	172.16.101.133:443	1492168200	feed	/bbx_activity/listing	1496	1682	74	290807	2017-07-10 16:04:24	1	
2017-04-14	172.16.101.133:443	1492168200	feed	/oauth/request_token	3234	42569	56	3921984	2017-07-10 16:04:24	1	
2017-04-14	172.16.101.135:443	1492168200	feed	/activity/get_active_list	77	467	70	11869	2017-07-10 16:04:24	1	
2017-04-14	172.16.101.128:443	1492168200	feed	/oauth/request_token	3410	40895	52	3620705	2017-07-10 16:04:24	1	
2017-04-14	172.16.101.121:443	1492168200	feed	/v2/sdk_activity	506	509	75	55363	2017-07-10 16:04:24	1	
2017-04-14	172.16.101.128:443	1492168200	feed	/reports/lbs_users_location	5258	18632.999	31	1593668.989	2017-07-10 16:04:24	1	
2017-04-14	172.16.101.124:443	1492168200	feed	/payments/multi_charge_point	1749	8283	69	412984	2017-07-10 16:04:24	1	
2017-04-14	172.16.101.132:443	1492168200	feed	/sdk_init_info	979	3945	120	423126	2017-07-10 16:04:24	1	
2017-04-14	172.16.101.133:443	1492168200	feed	/bbx_activity/sdkInit	385	640	71	56881	2017-07-10 16:04:24	1	
2017-04-14	172.16.101.124:443	1492168200	feed	/version/checkupdate	3201	26583	63	2223507	2017-07-10 16:04:24	1	
2017-04-14	172.16.101.131:443	1492168200	feed	/oauth/access_token	3113	129	52	196471	2017-07-10 16:04:24	1	
2017-04-14	172.16.101.135:443	1492168200	feed	/account/basic_info	814	12089	54	354376	2017-07-10 16:04:24	1	
2017-04-14	172.16.101.134:443	1492168200	feed	/reports/lbs_users_location	5962	23392	16	1998975	2017-07-10 16:04:24	1	
2017-04-14	172.16.101.132:443	1492168200	feed	/oauth/request_token	3443	30122.999	53	4587098.989	2017-07-10 16:04:24	1	
2017-04-14	172.16.101.122:443	1492168200	feed	/oauth/request_token	3498	14979	53	3691820	2017-07-10 16:04:24	1	
2017-04-14	172.16.101.123:443	1492168200	feed	/reports/lbs_users_location	4917	21816	31	1657821	2017-07-10 16:04:24	1	
2017-04-14	172.16.101.124:443	1492168200	feed	/oauth/access_token	3003	4490	54	288673	2017-07-10 16:04:24	1	
2017-04-14	172.16.101.136:443	1492168200	feed	/oauth/access_token	3718	2504	47	225676	2017-07-10 16:04:24	1	
2017-04-14	172.16.101.124:443	1492168200	feed	/promotion/get_game_ad_type	8998	40314.999	42	6715510.956	2017-07-10 16:04:24	1	
2017-04-14	172.16.101.129:443	1492168200	feed	/sns/wechat_share_config	77	2674	94	68442	2017-07-10 16:04:24	1	
2017-04-14	172.16.101.123:443	1492168200	feed	/oauth/authenticate	3256	3248	63	399388	2017-07-10 16:04:24	1	
2017-04-14	172.16.101.132:443	1492168200	feed	/promotion/get_game_ad_type	9097	25881.001	69	6730218.011	2017-07-10 16:04:24	1	
2017-04-14	172.16.101.136:443	1492168200	feed	/oauth/authenticate	3553	3900	53	399993	2017-07-10 16:04:24	1	
2017-04-14	172.16.101.136:443	1492168200	feed	/version/checkupdate	3729	30684.999	52	2772252.989	2017-07-10 16:04:24	1	
2017-04-14	172.16.101.128:443	1492168200	feed	/payments/multi_charge_point	1551	11739	71	541948	2017-07-10 16:04:24	1	
2017-04-14	172.16.101.129:443	1492168200	feed	/bbx_activity/listing	1672	6616	69	443278	2017-07-10 16:04:24	1	
2017-04-14	172.16.101.135:443	1492168200	feed	/oauth/authenticate	1661	1076	55	168168	2017-07-10 16:04:24	1	
2017-04-14	172.16.101.134:443	1492168200	feed	/sns/wechat_share_config	66	17903.999	60	208361.989	2017-07-10 16:04:24	1	
2017-04-14	172.16.101.134:443	1492168200	feed	/version/checkupdate	3762	15789	49	2252481	2017-07-10 16:04:24	1	
2017-04-14	172.16.101.124:443	1492168200	feed	/reports/lbs_users_near_search	88	303	69	19822	2017-07-10 16:04:24	1	
2017-04-14	172.16.101.124:443	1492168200	feed	/reports/lbs_users	4884	10949	32	1821864	2017-07-10 16:04:24	1	
2017-04-14		1492168200	feed	/leaderboards/getTemperBoard	66	0	0	0	2017-07-10 16:04:24	1	
2017-04-14	172.16.101.131:443	1492168200	feed	/v2/sdk_activity	583	113	72	49478	2017-07-10 16:04:24	1	
2017-04-14	172.16.101.135:443	1492168200	feed	/version/checkupdate	1485	24872	50	1090242.989	2017-07-10 16:04:24	1	
2017-04-14	172.16.101.128:443	1492168200	feed	/oauth/access_token	2992	349	35	199749	2017-07-10 16:04:24	1	
2017-04-14	172.16.101.132:443	1492168200	feed	/oauth/access_token	3278	299	55	216634	2017-07-10 16:04:24	1	
2017-04-14	172.16.101.135:443	1492168200	feed	/sdk_init_info	671	11604	121	385055	2017-07-10 16:04:24	1	
2017-04-14	172.16.101.128:443	1492168200	feed	/account/basic_info	1199	15360	65	624844	2017-07-10 16:04:24	1	
2017-04-14	172.16.101.123:443	1492168200	feed	/bbx_activity/listing	1606	24354	70	623623	2017-07-10 16:04:24	1	
2017-04-14	172.16.101.131:443	1492168200	feed	/bbx_activity/sdkInit	363	361	70	46816	2017-07-10 16:04:24	1	
2017-04-14	172.16.101.134:443	1492168200	feed	/vivo_payment/v3_create	616	6933	157	343673	2017-07-10 16:04:24	1	
2017-04-14	172.16.101.124:443	1492168200	feed	/paymentcallback/sdk	539	1110	105	85492	2017-07-10 16:04:24	1	
2017-04-14	172.16.101.122:443	1492168200	feed	/oauth/authenticate	3377	14329	63	557755	2017-07-10 16:04:24	1	
2017-04-14	172.16.101.132:443	1492168200	feed	/bbx_activity/listing	1782	4954	69	463969	2017-07-10 16:04:24	1	
2017-04-14	172.16.101.128:443	1492168200	feed	/bbx_activity/listing	1452	14797	72	566918	2017-07-10 16:04:24	1	
2017-04-14	172.16.101.123:443	1492168200	feed	/oauth/request_token	3586	24476.999	53	3679686.989	2017-07-10 16:04:24	1	
2017-04-14	172.16.101.135:443	1492168200	feed	/reports/lbs_users_location	2706	11112	17	681659	2017-07-10 16:04:24	1	
2017-04-14	172.16.101.133:443	1492168200	feed	/payments/spec_charge_point	55	746	69	18205	2017-07-10 16:04:24	1	
2017-04-14		1492168200	feed	/achievements	715	7906	0	263769	2017-07-10 16:04:24	1	
2017-04-14	172.16.101.131:443	1492168200	feed	/oauth/request_token	3498	19893.999	51	4326233.989	2017-07-10 16:04:24	1	
2017-04-14	172.16.101.135:443	1492168200	feed	/sns/msdkLogin	198	3218	231	139238	2017-07-10 16:04:24	1	
2017-04-14	172.16.101.133:443	1492168200	feed	/games/apk_blacklist	473	1929	56	167310	2017-07-10 16:04:24	1	
2017-04-14	172.16.101.129:443	1492168200	feed	/vivo_payment/v3_create	517	3139	139	240482	2017-07-10 16:04:24	1	
2017-04-14	172.16.101.121:443	1492168200	feed	/paymentcallback/sdk	484	152	107	62656	2017-07-10 16:04:24	1	
2017-04-14	172.16.101.121:443	1492168200	feed	/reports/lbs_users	5005	13543	33	1630816	2017-07-10 16:04:24	1	
2017-04-14	172.16.101.136:443	1492168200	feed	/v2/sdk_activity	550	75	55	35189	2017-07-10 16:04:24	1	
2017-04-14	172.16.101.129:443	1492168200	feed	/oauth/authenticate	3421	3276	64	479776	2017-07-10 16:04:24	1	
2017-04-14	172.16.101.131:443	1492168200	feed	/bbx_activity/listing	1639	3164	64	381997	2017-07-10 16:04:24	1	
2017-04-14	172.16.101.133:443	1492168200	feed	/payments/multi_charge_point	1562	2064	71	230098	2017-07-10 16:04:24	1	
2017-04-14	172.16.101.123:443	1492168200	feed	/games/apk_blacklist	583	3454	57	220737	2017-07-10 16:04:24	1	
2017-04-14	172.16.101.131:443	1492168200	feed	/games/apk_blacklist	341	11450	57	260623	2017-07-10 16:04:24	1	
2017-04-14	172.16.101.122:443	1492168200	feed	/sdk_init_info	880	5821	128	442849	2017-07-10 16:04:24	1	
2017-04-14	172.16.101.129:443	1492168200	feed	/account/basic_info	1342	5817	60	501050	2017-07-10 16:04:24	1	
2017-04-14		1492168200	feed	/games/configs	726	7885	0	459833	2017-07-10 16:04:24	1	
2017-04-14	172.16.101.135:443	1492168200	feed	/reports/lbs_users	2838	28518.999	19	975941.989	2017-07-10 16:04:24	1	
2017-04-14	172.16.101.134:443	1492168200	feed	/v2/sdk_activity	550	505	55	46937	2017-07-10 16:04:24	1	
2017-04-14	172.16.101.134:443	1492168200	feed	/sdk_init_info	946	22014	52	815221	2017-07-10 16:04:24	1	
2017-04-14	172.16.101.122:443	1492168200	feed	/payments/multi_charge_point	1804	2608	71	327866	2017-07-10 16:04:24	1	
2017-04-14	172.16.101.122:443	1492168200	feed	/paymentcallback/sdk	484	333	104	63448	2017-07-10 16:04:24	1	
2017-04-14	172.16.101.122:443	1492168200	feed	/bbx_activity/listing	1639	6072	69	431882	2017-07-10 16:04:24	1	
2017-04-14	172.16.101.123:443	1492168200	feed	/payments/multi_charge_point	1430	9552	72	390115	2017-07-10 16:04:24	1	
2017-04-14	172.16.101.132:443	1492168200	feed	/payments/multi_charge_point	1727	12304	71	564960	2017-07-10 16:04:24	1	
2017-04-14	172.16.101.121:443	1492168200	feed	/bbx_activity/sdkInit	319	471	70	39853	2017-07-10 16:04:24	1	
2017-04-14	172.16.101.124:443	1492168200	feed	/vivo_payment/v3_create	627	10384	130	433609	2017-07-10 16:04:24	1	
2017-04-14	172.16.101.122:443	1492168200	feed	/sns/msdkLogin	275	3329	242	166694	2017-07-10 16:04:24	1	
2017-04-14	172.16.101.135:443	1492168200	feed	/sns/wechat_share_config	44	734	116	14113	2017-07-10 16:04:24	1	
2017-04-14	172.16.101.121:443	1492168200	feed	/oauth/request_token	3487	13377	54	3699267	2017-07-10 16:04:24	1	
2017-04-14	172.16.101.123:443	1492168200	feed	/reports/lbs_users_near_search	55	5317	200	71962	2017-07-10 16:04:24	1	
2017-04-14	172.16.101.122:443	1492168200	feed	/vivo_payment/v3_create	616	1913	130	256575	2017-07-10 16:04:24	1	
2017-04-14	172.16.101.132:443	1492168200	feed	/oauth/authenticate	2937	1235	63	332948	2017-07-10 16:04:24	1	
2017-04-14	172.16.101.124:443	1492168200	feed	/players/get_game_archive_url	165	109	77	15433	2017-07-10 16:04:24	1	
2017-04-14	172.16.101.129:443	1492168200	feed	/v2/sdk_activity	451	381	77	47872	2017-07-10 16:04:24	1	
2017-04-14	172.16.101.135:443	1492168200	feed	/game_config	44	896	58	16973	2017-07-10 16:04:24	1	
2017-04-14		1492168200	feed	/report_log/exception	242	321	103	33253	2017-07-10 16:04:24	1	
2017-04-14	172.16.101.135:443	1492168200	feed	/games/apk_blacklist	220	10647	52	168718	2017-07-10 16:04:24	1	
2017-04-14	172.16.101.133:443	1492168200	feed	/sns/msdkLogin	220	4450	252	136620	2017-07-10 16:04:24	1	
2017-04-14	172.16.101.121:443	1492168200	feed	/reports/lbs_users_near_search	77	1527	162	37334	2017-07-10 16:04:24	1	
2017-04-14	172.16.101.131:443	1492168200	feed	/sns/msdkLogin	264	517	249	94226	2017-07-10 16:04:24	1	
2017-04-14	172.16.101.136:443	1492168200	feed	/paymentcallback/sdk	671	369	94	81301	2017-07-10 16:04:24	1	
2017-04-14	172.16.101.132:443	1492168200	feed	/players/get_game_archive_url	198	246	76	20460	2017-07-10 16:04:24	1	
2017-04-14	172.16.101.136:443	1492168200	feed	/vivo_payment/v3_create	770	21146.999	121	549383.989	2017-07-10 16:04:24	1	
2017-04-14	172.16.101.123:443	1492168200	feed	/paymentcallback/sdk	473	172	108	61798	2017-07-10 16:04:24	1	
2017-04-14	172.16.101.122:443	1492168200	feed	/v3/huawei_prisign	88	269	77	16764	2017-07-10 16:04:24	1	
2017-04-14	172.16.101.134:443	1492168200	feed	/game_config	22	65	55	1320	2017-07-10 16:04:24	1	
2017-04-14	172.16.101.131:443	1492168200	feed	/paymentcallback/sdk	517	1184	107	78276	2017-07-10 16:04:24	1	
2017-04-14	172.16.101.133:443	1492168200	feed	/tx_msdk_pay	176	10066	203	179025	2017-07-10 16:04:24	1	
2017-04-14	172.16.101.123:443	1492168200	feed	/sdk_init_info	814	6569	69	337062	2017-07-10 16:04:24	1	
2017-04-14	172.16.101.132:443	1492168200	feed	/paymentcallback/sdk	440	176	107	56903	2017-07-10 16:04:24	1	
2017-04-14	172.16.101.133:443	1492168200	feed	/v2/sdk_activity	297	1497	75	41140	2017-07-10 16:04:24	1	
2017-04-14	172.16.101.124:443	1492168200	feed	/account/basic_info	1353	13307	63	859089	2017-07-10 16:04:24	1	
2017-04-14	172.16.101.133:443	1492168200	feed	/vivo_payment/v3_create	583	6432	140	427988	2017-07-10 16:04:24	1	
2017-04-14	172.16.101.136:443	1492168200	feed	/sdk_init_info	957	4871	105	483120	2017-07-10 16:04:24	1	
2017-04-14	172.16.101.128:443	1492168200	feed	/bbx_activity/sdkInit	242	330	72	32307	2017-07-10 16:04:24	1	
2017-04-14	172.16.101.131:443	1492168200	feed	/sns/wechat_share_config	55	1063	221	24222	2017-07-10 16:04:24	1	
2017-04-14	172.16.101.132:443	1492168200	feed	/games/apk_blacklist	451	4864	60	171743	2017-07-10 16:04:24	1	
2017-04-14	172.16.101.128:443	1492168200	feed	/tx_msdk_pay	154	7251	202	127930	2017-07-10 16:04:24	1	
2017-04-14	172.16.101.136:443	1492168200	feed	/games/apk_blacklist	605	21844	48	553773	2017-07-10 16:04:24	1	
2017-04-14	172.16.101.131:443	1492168200	feed	/bind360GameOutSession	22	80	71	1661	2017-07-10 16:04:24	1	
2017-04-14	172.16.101.129:443	1492168200	feed	/games/apk_blacklist	330	9345	61	237743	2017-07-10 16:04:24	1	
2017-04-14	172.16.101.123:443	1492168200	feed	/bbx_activity/sdkInit	451	3153	69	84524	2017-07-10 16:04:24	1	
2017-04-14	172.16.101.133:443	1492168200	feed	/players/get_game_archive_url	154	186	71	14300	2017-07-10 16:04:24	1	
2017-04-14	172.16.101.136:443	1492168200	feed	/account/basic_info	1650	13422	53	902660	2017-07-10 16:04:24	1	
2017-04-14		1492168200	feed	/highscores/create	99	1354	119	36256	2017-07-10 16:04:24	1	
2017-04-14	172.16.101.131:443	1492168200	feed	/vip/user_privilege	11	257	257	2827	2017-07-10 16:04:24	1	
2017-04-14	172.16.101.133:443	1492168200	feed	/account/basic_info	1265	8336	68	534006	2017-07-10 16:04:24	1	
2017-04-14	172.16.101.123:443	1492168200	feed	/vip/info	33	336	76	7216	2017-07-10 16:04:24	1	
2017-04-14	172.16.101.133:443	1492168200	feed	/sns/wechat_share_config	44	422	85	10087	2017-07-10 16:04:24	1	
2017-04-14	172.16.101.121:443	1492168200	feed	/sdk_init_info	869	9849	126	638132	2017-07-10 16:04:24	1	
2017-04-14	172.16.101.124:443	1492168200	feed	/tx_msdk_pay	209	10263	213	189024	2017-07-10 16:04:24	1	
2017-04-14	172.16.101.132:443	1492168200	feed	/v2/sdk_activity	462	3102	74	75295	2017-07-10 16:04:24	1	
2017-04-14	172.16.101.129:443	1492168200	feed	/reports/lbs_users_near_search	143	13102	69	200882	2017-07-10 16:04:24	1	
2017-04-14	172.16.101.133:443	1492168200	feed	/config/config_sms_limit	33	102	97	3300	2017-07-10 16:04:24	1	
2017-04-14	172.16.101.124:443	1492168200	feed	/bbx_activity/sdkInit	572	16976	70	474298	2017-07-10 16:04:24	1	
2017-04-14	172.16.101.136:443	1492168200	feed	/tx_msdk_pay	231	480	200	83820	2017-07-10 16:04:24	1	
2017-04-14		1492168200	feed	/ad_block/adblock_infos	264	3177	0	86042	2017-07-10 16:04:24	1	
2017-04-14	172.16.101.133:443	1492168200	feed	/sdk_init_info	858	11353	128	700953	2017-07-10 16:04:24	1	
2017-04-14	172.16.101.121:443	1492168200	feed	/account/basic_info	1100	26195	62	729267	2017-07-10 16:04:24	1	
2017-04-14	172.16.101.124:443	1492168200	feed	/sns/msdkLogin	209	1330	258	85481	2017-07-10 16:04:24	1	
2017-04-14	172.16.101.134:443	1492168200	feed	/sns/msdkLogin	352	8674	220	218262	2017-07-10 16:04:24	1	
2017-04-14	172.16.101.123:443	1492168200	feed	/players/get_game_archive_url	165	268	77	16654	2017-07-10 16:04:24	1	
2017-04-14	172.16.101.133:443	1492168200	feed	/payments/create	11	229	229	2519	2017-07-10 16:04:24	1	
2017-04-14	172.16.101.135:443	1492168200	feed	/bbx_activity/listing	891	7170	61	315447	2017-07-10 16:04:24	1	
2017-04-14	172.16.101.123:443	1492168200	feed	/sns/msdkLogin	264	10140	252	233387	2017-07-10 16:04:24	1	
2017-04-14	172.16.101.134:443	1492168200	feed	/payments/multi_charge_point	1837	814	29	188474	2017-07-10 16:04:24	1	
2017-04-14	172.16.101.122:443	1492168200	feed	/vip/get_all_privilege	33	418	202	10835	2017-07-10 16:04:24	1	
2017-04-14	172.16.101.131:443	1492168200	feed	/vivo_payment/v3_create	660	13402	111	460691	2017-07-10 16:04:24	1	
2017-04-14	172.16.101.122:443	1492168200	feed	/games/apk_blacklist	418	46257.999	60	834162.989	2017-07-10 16:04:24	1	
2017-04-14	172.16.101.129:443	1492168200	feed	/payments/spec_charge_point	110	9357	69	198869	2017-07-10 16:04:24	1	
2017-04-14	172.16.101.129:443	1492168200	feed	/paymentcallback/sdk	539	161	105	68739	2017-07-10 16:04:24	1	
2017-04-14	172.16.101.131:443	1492168200	feed	/game_config	55	1197	65	21582	2017-07-10 16:04:24	1	
2017-04-14	172.16.101.122:443	1492168200	feed	/tx_msdk_pay	231	2209	200	106106	2017-07-10 16:04:24	1	
2017-04-14	172.16.101.123:443	1492168200	feed	/v2/sdk_activity	385	5895	76	127776	2017-07-10 16:04:24	1	
2017-04-14		1492168200	feed	/checkpoint	715	8061	0	317207	2017-07-10 16:04:24	1	
2017-04-14	172.16.101.134:443	1492168200	feed	/games/apk_blacklist	484	4768	50	273009	2017-07-10 16:04:24	1	
2017-04-14	172.16.101.135:443	1492168200	feed	/bbx_activity/sdkInit	220	377	55	21846	2017-07-10 16:04:24	1	
2017-04-14	172.16.101.129:443	1492168200	feed	/sns/msdkLogin	308	4196	251	157575	2017-07-10 16:04:24	1	
2017-04-14	172.16.101.128:443	1492168200	feed	/players/get_game_archive_url	88	4687	77	64383	2017-07-10 16:04:24	1	
2017-04-14		1492168200	feed	/checkpoint_group	715	7863	0	439439	2017-07-10 16:04:24	1	
2017-04-14	172.16.101.122:443	1492168200	feed	/bbx_activity/sdkInit	506	436	67	79321	2017-07-10 16:04:24	1	
2017-04-14	172.16.101.128:443	1492168200	feed	/reports/lbs_users_near_search	44	298	213	11231	2017-07-10 16:04:24	1	
2017-04-14	172.16.101.132:443	1492168200	feed	/bbx_activity/sdkInit	396	573	73	54703	2017-07-10 16:04:24	1	
2017-04-14	172.16.101.129:443	1492168200	feed	/sdk_init_info	770	11654	109	488257	2017-07-10 16:04:24	1	
2017-04-14	172.16.101.136:443	1492168200	feed	/vip/info	55	2544	161	38522	2017-07-10 16:04:24	1	
2017-04-14	172.16.101.121:443	1492168200	feed	/payments/create	22	340	249	6479	2017-07-10 16:04:24	1	
2017-04-14	172.16.101.135:443	1492168200	feed	/payments/multi_charge_point	1012	626	54	102069	2017-07-10 16:04:24	1	
2017-04-14	172.16.101.128:443	1492168200	feed	/game_config	77	271	66	7854	2017-07-10 16:04:24	1	
2017-04-14	172.16.101.133:443	1492168200	feed	/paymentcallback/sdk	418	184	105	54923	2017-07-10 16:04:24	1	
2017-04-14	172.16.101.134:443	1492168200	feed	/tx_msdk_pay	187	450	190	67727	2017-07-10 16:04:24	1	
2017-04-14	172.16.101.134:443	1492168200	feed	/paymentcallback/sdk	671	303	92	77891	2017-07-10 16:04:24	1	
2017-04-14	172.16.101.134:443	1492168200	feed	/players/get_game_archive_url	165	313	61	15070	2017-07-10 16:04:24	1	
2017-04-14	172.16.101.124:443	1492168200	feed	/casual_notice/list	33	88	70	2574	2017-07-10 16:04:24	1	
2017-04-14	172.16.101.136:443	1492168200	feed	/vip/user_privilege	22	2639	389	33308	2017-07-10 16:04:24	1	
2017-04-14	172.16.101.135:443	1492168200	feed	/reports/lbs_users_near_search	22	211	165	4136	2017-07-10 16:04:24	1	
2017-04-14	172.16.101.132:443	1492168200	feed	/sns/msdkLogin	242	8479	256	269335	2017-07-10 16:04:24	1	
2017-04-14		1492168200	feed	/reports/lbs_users_location	176	88787.003	60000	11211254.978	2017-07-10 16:04:24	1	
2017-04-14	172.16.101.135:443	1492168200	feed	/vivo_payment/v3_create	330	3504	102	160402	2017-07-10 16:04:24	1	
2017-04-14	172.16.101.129:443	1492168200	feed	/bbx_activity/sdkInit	341	11578	71	175439	2017-07-10 16:04:24	1	
2017-04-14	172.16.101.124:443	1492168200	feed	/v3/huawei_prisign	110	364	78	25707	2017-07-10 16:04:24	1	
2017-04-14		1492168200	feed	/leaderboards	704	7237	0	156684	2017-07-10 16:04:24	1	
2017-04-14	172.16.101.135:443	1492168200	feed	/paymentcallback/sdk	572	366	91	69817	2017-07-10 16:04:24	1	
2017-04-14	172.16.101.124:443	1492168200	feed	/sns/wechat_share_config	55	566	179	20064	2017-07-10 16:04:24	1	
2017-04-14	172.16.101.131:443	1492168200	feed	/payments/spec_charge_point	22	12151	83	134574	2017-07-10 16:04:24	1	
2017-04-14	172.16.101.123:443	1492168200	feed	/game_config	44	363	67	7051	2017-07-10 16:04:24	1	
2017-04-14	172.16.101.121:443	1492168200	feed	/tx_msdk_pay	264	812	198	107569	2017-07-10 16:04:24	1	
2017-04-14	172.16.101.128:443	1492168200	feed	/sdk_init_info	814	9450	130	495341	2017-07-10 16:04:24	1	
2017-04-14	172.16.101.124:443	1492168200	feed	/version/checkresource	33	376	187	9482	2017-07-10 16:04:24	1	
2017-04-14	172.16.101.122:443	1492168200	feed	/config/config_sms_limit	11	298	298	3278	2017-07-10 16:04:24	1	
2017-04-14	172.16.101.136:443	1492168200	feed	/v3/huawei_prisign	132	979	61	38588	2017-07-10 16:04:24	1	
2017-04-14	172.16.101.131:443	1492168200	feed	/v3/huawei_prisign	121	437	126	29678	2017-07-10 16:04:24	1	
2017-04-14	172.16.101.128:443	1492168200	feed	/v2/sdk_activity	506	3057	74	78485	2017-07-10 16:04:24	1	
2017-04-14	172.16.101.122:443	1492168200	feed	/version/checkresource	66	2490	167	46277	2017-07-10 16:04:24	1	
2017-04-14	172.16.101.136:443	1492168200	feed	/sns/wechat_share_config	66	448	157	15411	2017-07-10 16:04:24	1	
2017-04-14	172.16.101.123:443	1492168200	feed	/v3/huawei_prisign	132	308	74	20823	2017-07-10 16:04:24	1	
2017-04-14	172.16.101.128:443	1492168200	feed	/sns/msdkLogin	275	23343	246	366135	2017-07-10 16:04:24	1	
2017-04-14	172.16.101.122:443	1492168200	feed	/get_paymentid_list	33	3304	162	60049	2017-07-10 16:04:24	1	
2017-04-14	172.16.101.133:443	1492168200	feed	/get_paymentid_list	44	740	113	15367	2017-07-10 16:04:24	1	
2017-04-14	172.16.101.122:443	1492168200	feed	/activity/get_active_list	165	382	77	27313	2017-07-10 16:04:24	1	
2017-04-14		1492168200	feed	/reports/lbs_users	11	61437	61437	675807	2017-07-10 16:04:24	1	
2017-04-14	172.16.101.129:443	1492168200	feed	/tx_msdk_pay	176	759	260	73425	2017-07-10 16:04:24	1	
2017-04-14	172.16.101.134:443	1492168200	feed	/reports/lbs_users_near_search	77	509	64	19272	2017-07-10 16:04:24	1	
2017-04-14	172.16.101.121:443	1492168200	feed	/v3/huawei_prisign	88	1560	134	30767	2017-07-10 16:04:24	1	
2017-04-14	172.16.101.128:443	1492168200	feed	/v3/huawei_prisign	88	413	91	22154	2017-07-10 16:04:24	1	
2017-04-14	172.16.101.134:443	1492168200	feed	/v3/huawei_prisign	165	1104	57	47718	2017-07-10 16:04:24	1	
2017-04-14	172.16.101.133:443	1492168200	feed	/activity/get_active_list	110	343	80	17457	2017-07-10 16:04:24	1	
2017-04-14	172.16.101.131:443	1492168200	feed	/payments/create	11	481	481	5291	2017-07-10 16:04:24	1	
2017-04-14	172.16.101.121:443	1492168200	feed	/accounts/getCode	11	370	370	4070	2017-07-10 16:04:24	1	
2017-04-14	172.16.101.122:443	1492168200	feed	/sns/wechat_share_config	66	5932	86	77935	2017-07-10 16:04:24	1	
2017-04-14	172.16.101.121:443	1492168200	feed	/players/get_game_archive_url	176	497	77	21109	2017-07-10 16:04:24	1	
2017-04-14	172.16.101.122:443	1492168200	feed	/payments/spec_charge_point	22	84	78	1782	2017-07-10 16:04:24	1	
2017-04-14	172.16.101.136:443	1492168200	feed	/vip/receiveCallback	11	294	294	3234	2017-07-10 16:04:24	1	
2017-04-14	172.16.101.124:443	1492168200	feed	/SnsShare/tpl_config	11	268	268	2948	2017-07-10 16:04:24	1	
2017-04-14	172.16.101.121:443	1492168200	feed	/sns/msdkLogin	165	2440	250	92664	2017-07-10 16:04:24	1	
2017-04-14	172.16.101.124:443	1492168200	feed	/ad_block/adblock_info	11	296	296	3256	2017-07-10 16:04:24	1	
2017-04-14	172.16.101.121:443	1492168200	feed	/license/validate	11	205	205	2255	2017-07-10 16:04:24	1	
2017-04-14	172.16.101.134:443	1492168200	feed	/activity/get_active_list	99	74	62	6864	2017-07-10 16:04:24	1	
2017-04-14	172.16.101.134:443	1492168200	feed	/config/config_sms_limit	44	629	221	16533	2017-07-10 16:04:24	1	
2017-04-14	172.16.101.136:443	1492168200	feed	/get_paymentid_list	11	127	127	1397	2017-07-10 16:04:24	1	
2017-04-14	172.16.101.136:443	1492168200	feed	/bbx_activity/sdkInit	462	2301	52	92620	2017-07-10 16:04:24	1	
2017-04-14	172.16.101.132:443	1492168200	feed	/tx_msdk_pay	209	7166	221	201553	2017-07-10 16:04:24	1	
2017-04-14	172.16.101.129:443	1492168200	feed	/players/get_game_archive_url	143	100	80	12705	2017-07-10 16:04:24	1	
2017-04-14	172.16.101.134:443	1492168200	feed	/get_paymentid_list	22	286	158	4884	2017-07-10 16:04:24	1	
2017-04-14	172.16.101.128:443	1492168200	feed	/ad_block/adblock_info	11	261	261	2871	2017-07-10 16:04:24	1	
2017-04-14	172.16.101.136:443	1492168200	feed	/config/config_sms_limit	11	238	238	2618	2017-07-10 16:04:24	1	
2017-04-14	172.16.101.135:443	1492168200	feed	/players/get_game_archive_url	88	7171	67	84403	2017-07-10 16:04:24	1	
2017-04-14		1492168200	feed	/promotion/banners	44	1302	157	20328	2017-07-10 16:04:24	1	
2017-04-14	172.16.101.129:443	1492168200	feed	/activity/get_active_list	121	232	80	14476	2017-07-10 16:04:24	1	
2017-04-14	172.16.101.136:443	1492168200	feed	/version/checkresource	22	569	180	8239	2017-07-10 16:04:24	1	
2017-04-14	172.16.101.131:443	1492168200	feed	/tx_msdk_pay	187	20999.001	207	300751.011	2017-07-10 16:04:24	1	
2017-04-14	172.16.101.123:443	1492168200	feed	/payments/spec_charge_point	66	690	69	21615	2017-07-10 16:04:24	1	
2017-04-14	172.16.101.136:443	1492168200	feed	/sns/msdkLogin	253	5848	213	201795	2017-07-10 16:04:24	1	
2017-04-14	172.16.101.132:443	1492168200	feed	/v3/huawei_prisign	110	994	186	36069	2017-07-10 16:04:24	1	
2017-04-14	172.16.101.121:443	1492168200	feed	/vip/info	33	306	159	7722	2017-07-10 16:04:24	1	
2017-04-14	172.16.101.128:443	1492168200	feed	/vip/get_all_privilege	11	173	173	1903	2017-07-10 16:04:24	1	
2017-04-14	172.16.101.132:443	1492168200	feed	/activity/get_active_list	99	233	78	10681	2017-07-10 16:04:24	1	
2017-04-14	172.16.101.132:443	1492168200	feed	/reports/lbs_users_near_search	99	2294	151	48092	2017-07-10 16:04:24	1	
2017-04-14	172.16.101.124:443	1492168200	feed	/vip/user_privilege	11	170	170	1870	2017-07-10 16:04:24	1	
2017-04-14	172.16.101.134:443	1492168200	feed	/bind360GameOutSession	11	305	305	3355	2017-07-10 16:04:24	1	
2017-04-14	172.16.101.134:443	1492168200	feed	/version/checkresource	55	343	140	12661	2017-07-10 16:04:24	1	
2017-04-14	172.16.101.131:443	1492168200	feed	/activity/get_active_list	165	545	79	22066	2017-07-10 16:04:24	1	
2017-04-14	172.16.101.133:443	1492168200	feed	/reports/lbs_users_near_search	121	685	70	38313	2017-07-10 16:04:24	1	
2017-04-14	172.16.101.134:443	1492168200	feed	/payments/spec_charge_point	55	731	129	18128	2017-07-10 16:04:24	1	
2017-04-14	172.16.101.129:443	1492168200	feed	/config/config_sms_limit	22	1928	279	24277	2017-07-10 16:04:24	1	
2017-04-14	172.16.101.128:443	1492168200	feed	/sns/wechat_share_config	66	439	147	17468	2017-07-10 16:04:24	1	
2017-04-14	172.16.101.131:443	1492168200	feed	/players/get_game_archive_url	121	371	78	13629	2017-07-10 16:04:24	1	
2017-04-14	172.16.101.129:443	1492168200	feed	/game_config	88	1482	64	25036	2017-07-10 16:04:24	1	
2017-04-14	172.16.101.124:443	1492168200	feed	/activity/get_active_list	110	116	73	9933	2017-07-10 16:04:24	1	
2017-04-14	172.16.101.135:443	1492168200	feed	/sns/sinaGrantUrl	11	211	211	2321	2017-07-10 16:04:24	1	
2017-04-14	172.16.101.136:443	1492168200	feed	/activity/get_active_list	143	1218	52	25630	2017-07-10 16:04:24	1	
2017-04-14	172.16.101.136:443	1492168200	feed	/reports/lbs_users_near_search	66	4025	267	64383	2017-07-10 16:04:24	1	
2017-04-14	172.16.101.128:443	1492168200	feed	/payments/spec_charge_point	110	14034	69	173833	2017-07-10 16:04:24	1	
2017-04-14	172.16.101.131:443	1492168200	feed	/SnsShare/tpl_config	22	300	271	6281	2017-07-10 16:04:24	1	
2017-04-14	172.16.101.133:443	1492168200	feed	/v3/huawei_prisign	77	642	159	23804	2017-07-10 16:04:24	1	
2017-04-14	172.16.101.121:443	1492168200	feed	/version/checkresource	44	231	104	7062	2017-07-10 16:04:24	1	
2017-04-14	172.16.101.132:443	1492168200	feed	/payments/spec_charge_point	55	1162	69	20713	2017-07-10 16:04:24	1	
2017-04-14		1492168200	feed	/promotion/get_game_ad_type	55	406	53	10692	2017-07-10 16:04:24	1	
2017-04-14		1492168200	feed	/version/checkupdate	44	236	68	7227	2017-07-10 16:04:24	1	
2017-04-14		1492168200	feed	/app/init	55	972	58	17347	2017-07-10 16:04:24	1	
2017-04-14	172.16.101.121:443	1492168200	feed	/sns/wechat_share_config	11	209	209	2299	2017-07-10 16:04:24	1	
2017-04-14	172.16.101.123:443	1492168200	feed	/get_player_payment_group	22	241	207	4928	2017-07-10 16:04:24	1	
2017-04-14		1492168200	feed	/accounts/getPrivacy	55	148	0	2321	2017-07-10 16:04:24	1	
2017-04-14	172.16.101.123:443	1492168200	feed	/license/validate	11	130	130	1430	2017-07-10 16:04:24	1	
2017-04-14	172.16.101.133:443	1492168200	feed	/vip/receiveCallback	11	356	356	3916	2017-07-10 16:04:24	1	
2017-04-14	172.16.101.132:443	1492168200	feed	/get_paymentid_list	44	532	165	13376	2017-07-10 16:04:24	1	
2017-04-14	172.16.101.131:443	1492168200	feed	/license/validate	22	500	164	7304	2017-07-10 16:04:24	1	
2017-04-14	172.16.101.132:443	1492168200	feed	/game_config	33	311	80	6391	2017-07-10 16:04:24	1	
2017-04-14	172.16.101.121:443	1492168200	feed	/game_config	33	926	67	11825	2017-07-10 16:04:24	1	
2017-04-14	172.16.101.133:443	1492168200	feed	/players/get_gameinfo	11	95	95	1045	2017-07-10 16:04:24	1	
2017-04-14	172.16.101.133:443	1492168200	feed	/activity_v2/list	11	78	78	858	2017-07-10 16:04:24	1	
2017-04-14	172.16.101.129:443	1492168200	feed	/v3/huawei_prisign	110	472	76	31020	2017-07-10 16:04:24	1	
2017-04-14	172.16.101.136:443	1492168200	feed	/activity_v2/list	44	197	61	4367	2017-07-10 16:04:24	1	
2017-04-14	172.16.101.131:443	1492168200	feed	/players/set_gameinfo	11	119	119	1309	2017-07-10 16:04:24	1	
2017-04-14	172.16.101.131:443	1492168200	feed	/activity_v2/list	11	92	92	1012	2017-07-10 16:04:24	1	
2017-04-14	172.16.101.136:443	1492168200	feed	/game_config	11	61	61	671	2017-07-10 16:04:24	1	
2017-04-14	172.16.101.129:443	1492168200	feed	/vip/get_xinyue_user_info	11	272	272	2992	2017-07-10 16:04:24	1	
2017-04-14	172.16.101.132:443	1492168200	feed	/accounts/getCode	11	354	354	3894	2017-07-10 16:04:24	1	
2017-04-14	172.16.101.128:443	1492168200	feed	/activity/get_active_list	99	693	85	19118	2017-07-10 16:04:24	1	
2017-04-14	172.16.101.136:443	1492168200	feed	/players/get_game_archive_url	143	750	56	16841	2017-07-10 16:04:24	1	
2017-04-14	172.16.101.124:443	1492168200	feed	/bind360GameOutSession	22	225	84	3399	2017-07-10 16:04:24	1	
2017-04-14	172.16.101.135:443	1492168200	feed	/bbx_activity/h5Info	11	387	387	4257	2017-07-10 16:04:24	1	
2017-04-14	172.16.101.135:443	1492168200	feed	/accounts/accountBind	11	834	834	9174	2017-07-10 16:04:24	1	
2017-04-14	172.16.101.129:443	1492168200	feed	/oauth/unauthenticate	11	86	86	946	2017-07-10 16:04:24	1	
2017-04-14	172.16.101.121:443	1492168200	feed	/activity/get_active_list	132	2336	83	67507	2017-07-10 16:04:24	1	
2017-04-14	172.16.101.123:443	1492168200	feed	/bind360GameOutSession	11	81	81	891	2017-07-10 16:04:24	1	
2017-04-14	172.16.101.128:443	1492168200	feed	/config/config_sms_limit	22	3265	216	38291	2017-07-10 16:04:24	1	
2017-04-14	172.16.101.132:443	1492168200	feed	/get_player_payment_group	22	731	566	14267	2017-07-10 16:04:24	1	
2017-04-14	172.16.101.129:443	1492168200	feed	/version/checkresource	33	358	102	8063	2017-07-10 16:04:24	1	
2017-04-14	172.16.101.133:443	1492168200	feed	/bind360GameOutSession	44	215	67	4653	2017-07-10 16:04:24	1	
2017-04-14	172.16.101.128:443	1492168200	feed	/sina_sns_callback	11	195	195	2145	2017-07-10 16:04:24	1	
2017-04-14	172.16.101.134:443	1492168200	feed	/payments/create	11	366	366	4026	2017-07-10 16:04:24	1	
2017-04-14	172.16.101.133:443	1492168200	feed	/sdk_activity	11	88	88	968	2017-07-10 16:04:24	1	
2017-04-14	172.16.101.132:443	1492168200	feed	/version/checkresource	22	219	217	4796	2017-07-10 16:04:24	1	
2017-04-14	172.16.101.123:443	1492168200	feed	/sns/wechat_share_config	33	2815	87	34771	2017-07-10 16:04:24	1	
2017-04-14	172.16.101.122:443	1492168200	feed	/game_config	44	92	74	3619	2017-07-10 16:04:24	1	
2017-04-14	172.16.101.134:443	1492168200	feed	/vip/user_privilege	44	416	192	12760	2017-07-10 16:04:24	1	
2017-04-14	172.16.101.123:443	1492168200	feed	/activity/get_active_list	55	347	83	7755	2017-07-10 16:04:24	1	
2017-04-14	172.16.101.131:443	1492168200	feed	/get_player_payment_group	11	178	178	1958	2017-07-10 16:04:24	1	
2017-04-14	172.16.101.131:443	1492168200	feed	/sdk_activity	11	156	156	1716	2017-07-10 16:04:24	1	
2017-04-14	172.16.101.135:443	1492168200	feed	/payments/spec_charge_point	22	57	54	1221	2017-07-10 16:04:24	1	
2017-04-14	172.16.101.135:443	1492168200	feed	/tx_msdk_pay	33	486	394	14476	2017-07-10 16:04:24	1	
2017-04-14	172.16.101.121:443	1492168200	feed	/bind360GameOutSession	11	67	67	737	2017-07-10 16:04:24	1	
2017-04-14	172.16.101.136:443	1492168200	feed		11	64	64	704	2017-07-10 16:04:24	1	
2017-04-14	172.16.101.124:443	1492168200	feed	/game_config	33	89	82	2816	2017-07-10 16:04:24	1	
2017-04-14	172.16.101.133:443	1492168200	feed	/version/checkresource	66	394	132	14388	2017-07-10 16:04:24	1	
2017-04-14	172.16.101.135:443	1492168200	feed	/oppo_callback	22	346	319	7315	2017-07-10 16:04:24	1	
2017-04-14	172.16.101.129:443	1492168200	feed	/casual_notice/list	11	272	272	2992	2017-07-10 16:04:24	1	
2017-04-14	172.16.101.121:443	1492168200	feed	/payments/spec_charge_point	33	368	95	7062	2017-07-10 16:04:24	1	
2017-04-14	172.16.101.122:443	1492168200	feed	/reports/lbs_users_near_search	55	2141	93	44506	2017-07-10 16:04:24	1	
2017-04-14	172.16.101.131:443	1492168200	feed	/version/checkresource	44	2041	181	30184	2017-07-10 16:04:24	1	
2017-04-14	172.16.101.128:443	1492168200	feed	/bind360GameOutSession	11	272	272	2992	2017-07-10 16:04:24	1	
2017-04-14	172.16.101.128:443	1492168200	feed	/vip/user_privilege	44	350	204	11913	2017-07-10 16:04:24	1	
2017-04-14	172.16.101.135:443	1492168200	feed	/v3/huawei_prisign	33	410	63	7755	2017-07-10 16:04:24	1	
2017-04-14	172.16.101.132:443	1492168200	feed	/casual_notice/list	11	129	129	1419	2017-07-10 16:04:24	1	
2017-04-14	172.16.101.122:443	1492168200	feed	/players/set_gameinfo	11	102	102	1122	2017-07-10 16:04:24	1	
2017-04-14	172.16.101.123:443	1492168200	feed	/config/config_sms_limit	33	324	99	6963	2017-07-10 16:04:24	1	
2017-04-14	172.16.101.131:443	1492168200	feed	/v3/uc_callback	11	405	405	4455	2017-07-10 16:04:24	1	
2017-04-14	172.16.101.121:443	1492168200	feed	/config/config_sms_limit	11	237	237	2607	2017-07-10 16:04:24	1	
2017-04-14	172.16.101.134:443	1492168200	feed	/players/get_gameinfo	11	61	61	671	2017-07-10 16:04:24	1	
2017-04-14	172.16.101.131:443	1492168200	feed	/reports/lbs_users_near_search	66	1680	275	44869	2017-07-10 16:04:24	1	
2017-04-14	172.16.101.135:443	1492168200	feed	/SnsShare/tpl_config	44	190	59	5434	2017-07-10 16:04:24	1	
2017-04-14	172.16.101.136:443	1492168200	feed	/payments/spec_charge_point	55	384	59	12386	2017-07-10 16:04:24	1	
2017-04-14	172.16.101.122:443	1492168200	feed	/casual_notice/list	11	2757	2757	30327	2017-07-10 16:04:24	1	
2017-04-14	172.16.101.134:443	1492168200	feed	/activity_v2/list	11	69	69	759	2017-07-10 16:04:24	1	
2017-04-14	172.16.101.123:443	1492168200	feed	/vip/user_privilege	11	175	175	1925	2017-07-10 16:04:24	1	
2017-04-14	172.16.101.132:443	1492168200	feed	/payments/create	22	433	315	8228	2017-07-10 16:04:24	1	
2017-04-14	172.16.101.133:443	1492168200	feed	/game_config	22	254	69	3553	2017-07-10 16:04:24	1	
2017-04-14	172.16.101.123:443	1492168200	feed	/SnsShare/tpl_config	11	276	276	3036	2017-07-10 16:04:24	1	
2017-04-14	172.16.101.129:443	1492168200	feed	/SnsShare/tpl_config	11	88	88	968	2017-07-10 16:04:24	1	
2017-04-14	172.16.101.124:443	1492168200	feed	/vip/get_all_privilege	11	389	389	4279	2017-07-10 16:04:24	1	
2017-04-14	172.16.101.128:443	1492168200	feed	/version/checkresource	44	377	172	11363	2017-07-10 16:04:24	1	
2017-04-14	172.16.101.134:443	1492168200	feed	/license/validate	11	157	157	1727	2017-07-10 16:04:24	1	
2017-04-14	172.16.101.128:443	1492168200	feed	/get_paymentid_list	33	365	217	9438	2017-07-10 16:04:24	1	
2017-04-14	172.16.101.129:443	1492168200	feed	/sns/tencentLogin	11	640	640	7040	2017-07-10 16:04:24	1	
2017-04-14	172.16.101.132:443	1492168200	feed	/activity_v2/list	11	987	987	10857	2017-07-10 16:04:24	1	
2017-04-14	172.16.101.132:443	1492168200	feed	/bind360GameOutSession	33	371	68	5709	2017-07-10 16:04:24	1	
2017-04-14	172.16.101.133:443	1492168200	feed	/vip/info	22	542	270	8932	2017-07-10 16:04:24	1	
2017-04-14	172.16.101.129:443	1492168200	feed	/vip/user_privilege	11	962	962	10582	2017-07-10 16:04:24	1	
2017-04-14	172.16.101.131:443	1492168200	feed	/get_paymentid_list	11	170	170	1870	2017-07-10 16:04:24	1	
2017-04-14	172.16.101.124:443	1492168200	feed	/sdk_activity	11	170	170	1870	2017-07-10 16:04:24	1	
2017-04-14	172.16.101.121:443	1492168200	feed	/SnsShare/tpl_config	22	322	289	6721	2017-07-10 16:04:24	1	
2017-04-14	172.16.101.133:443	1492168200	feed	/vivo_payment/create	11	217	217	2387	2017-07-10 16:04:24	1	
2017-04-14	172.16.101.121:443	1492168200	feed	/get_paymentid_list	11	178	178	1958	2017-07-10 16:04:24	1	
2017-04-14	172.16.101.131:443	1492168200	feed	/casual_notice/list	11	86	86	946	2017-07-10 16:04:24	1	
2017-04-14	172.16.101.134:443	1492168200	feed	/ad_block/adblock_info	11	251	251	2761	2017-07-10 16:04:24	1	
2017-04-14	172.16.101.129:443	1492168200	feed	/vip/get_all_privilege	11	470	470	5170	2017-07-10 16:04:24	1	
2017-04-14	172.16.101.132:443	1492168200	feed	/vip/info	22	480	282	8382	2017-07-10 16:04:24	1	
2017-04-14	172.16.101.122:443	1492168200	feed	/vip/user_privilege	11	436	436	4796	2017-07-10 16:04:24	1	
2017-04-14	172.16.101.132:443	1492168200	feed	/config/config_sms_limit	11	346	346	3806	2017-07-10 16:04:24	1	
2017-04-14	172.16.101.121:443	1492168200	feed	/activity_v2/list	11	83	83	913	2017-07-10 16:04:24	1	
2017-04-14	172.16.101.121:443	1492168200	feed	/Weixin/wechat_share_config_multi	11	392	392	4312	2017-07-10 16:04:24	1	
2017-04-14	172.16.101.136:443	1492168200	feed	/casual_notice/list	11	60	60	660	2017-07-10 16:04:24	1	
2017-04-14	172.16.101.132:443	1492168200	feed	/ad_block/adblock_info	11	1276	1276	14036	2017-07-10 16:04:24	1	
2017-04-14	172.16.101.124:443	1492168200	feed	/payments/spec_charge_point	11	76	76	836	2017-07-10 16:04:24	1	
2017-04-14	172.16.101.128:443	1492168200	feed	/casual_notice/list	11	89	89	979	2017-07-10 16:04:24	1	
2017-04-14	172.16.101.122:443	1492168200	feed	/bind360GameOutSession	11	68	68	748	2017-07-10 16:04:24	1	
2017-04-14	172.16.101.135:443	1492168200	feed	/config/config_sms_limit	11	174	174	1914	2017-07-10 16:04:24	1	
2017-04-14	172.16.101.132:443	1492168200	feed	/vip/user_privilege	11	283	283	3113	2017-07-10 16:04:24	1	
2017-04-14	172.16.101.129:443	1492168200	feed	/get_paymentid_list	11	117	117	1287	2017-07-10 16:04:24	1	
2017-04-14	172.16.101.124:443	1492168200	feed	/get_paymentid_list	11	133	133	1463	2017-07-10 16:04:24	1	
2017-04-14	172.16.101.121:443	1492168200	feed	/casual_notice/list	11	98	98	1078	2017-07-10 16:04:24	1	
2017-04-14	172.16.101.128:443	1492168200	feed	/vip/info	11	227	227	2497	2017-07-10 16:04:24	1	
2017-04-14	172.16.101.133:443	1492168200	feed	/ad_block/adblock_info	11	244	244	2684	2017-07-10 16:04:24	1	
2017-04-14	172.16.101.135:443	1492168200	feed	/vip/get_all_privilege	11	197	197	2167	2017-07-10 16:04:24	1	
2017-04-14	172.16.101.134:443	1492168200	feed	/Weixin/wechat_share_config_multi	11	315	315	3465	2017-07-10 16:04:24	1	
2017-04-14	172.16.101.132:443	1492168200	feed	/sns/wechat_share_config	11	160	160	1760	2017-07-10 16:04:24	1	
2017-04-14	172.16.101.123:443	1492168200	feed	/sdk_activity	11	3585	3585	39435	2017-07-10 16:04:24	1	
2017-04-14	172.16.101.134:443	1492168200	feed	/vip/info	11	218	218	2398	2017-07-10 16:04:24	1	
2017-04-14	172.16.101.121:443	1492168200	feed	/vip/user_privilege	11	236	236	2596	2017-07-10 16:04:24	1	
2017-04-14	172.16.101.133:443	1492168200	feed	/get_player_payment_group	11	3485	3485	38335	2017-07-10 16:04:24	1	
2017-04-14	172.16.101.123:443	1492168200	feed	/version/checkresource	11	250	250	2750	2017-07-10 16:04:24	1	
2017-04-14	172.16.101.132:443	1492168200	feed	/vip/get_all_privilege	11	168	168	1848	2017-07-10 16:04:24	1	
